Region/Province/City/Municipality/Legislative/Provincial District,Number of Established Precincts,Number of Clustered Precincts,Number of Registered Voters,Number of Voters Who Actually Voted,Voters' Turnout (%)
PHILIPPINES,412874,106174,65745526,55290821,84.10 
NCR,47337,10538,7322361,5962693,81.43
City of Manila,7973,1859,1133042,886133,78.21
1st Legislative District,1627,401,264362,208103,78.72
2nd Legislative District,1131,246,152929,120987,79.11
3rd Legislative District,1237,274,164664,115614,70.21
4th Legislative District,1310,288,162767,132964,81.69
5th Legislative District,1563,365,217787,175386,80.53
6th Legislative District,1105,285,170533,133079,78.04
Quezon City,8598,1960,1403895,1138511,81.10 
1st Legislative District,1410,317,224351,174235,77.66
2nd Legislative District,1751,430,309300,255263,82.53
3rd Legislative District,1133,234,161366,135482,83.96
4th Legislative District,1575,303,210720,176961,83.98
5th Legislative District,1415,351,264130,219369,83.05
6th Legislative District,1314,325,234028,177201,75.72
City of Caloocan,4538,1024,700279,582521,83.18
1st Legislative District,2234,499,342766,285861,83.40 
2nd Legislative District,1622,353,233294,190967,81.86
3rd Legislative District,682,172,124219,105693,85.09
City of Makati,3309,615,458362,375103,81.84
1st Legislative District,1628,281,209859,171281,81.62
2nd Legislative District,1681,334,248503,203822,82.02
City of Marikina,1813,365,260749,229267,87.93
1st Legislative District,823,162,114298,99474,87.03
2nd Legislative District,990,203,146451,129793,88.63
City of Para簽aque,2038,480,346078,285438,82.48
1st Legislative District,858,196,142815,113537,79.50 
2nd Legislative District,1180,284,203263,171901,84.57
City of Pasig,2898,612,457370,389419,85.14
1st Councilor District,1264,244,182129,155143,85.18
2nd Councilor District,1634,368,275241,234276,85.12
City of Valenzuela,2603,609,443611,363995,82.05
1st Legislative District,1122,269,199294,170741,85.67
2nd Legislative District,1481,340,244317,193254,79.10 
Pasay City,2098,458,276579,221411,80.05
1st Councilor District,1148,227,139978,111016,79.31
2nd Councilor District,950,231,136601,110395,80.82
City of Las Pi簽as,2054,404,291074,242024,83.15
City of Mandaluyong,1495,322,232492,184423,79.32
City of Muntinlupa,2051,432,311750,252396,80.96
City of Malabon,1400,355,258115,196218,76.02
City of Navotas,948,207,150693,129907,86.21
City of San Juan,624,152,109640,81104,73.97
City of Taguig,2607,623,449359,371575,82.69
Pateros,290,61,39273,33248,84.66
CORDILLERA ADMINISTRATIVE REGION,6926,2153,1077900,921227,85.46
ABRA,1200,395,182696,159540,87.33
1st Provincial District,525,177,78693,68276,86.76
Boliney,18,9,3025,2775,91.74
Bucay,83,24,13026,11132,85.46
Bucloc,15,4,2030,1873,92.27
Daguioman,9,4,1484,1317,88.75
Langiden,20,6,2815,2366,84.05
Luba,36,13,4780,4099,85.75
Manabo,64,17,8325,7288,87.54
Pe簽arrubia,32,10,5044,4011,79.52
Pidigan,55,18,9187,8037,87.48
Pilar,49,20,7796,6653,85.34
Sallapadan,33,10,5174,4678,90.41
San Isidro,23,9,3339,2936,87.93
San Quintin,28,9,4411,3940,89.32
Tubo,29,15,3793,3491,92.04
Villaviciosa,31,9,4464,3680,82.44
2nd Provincial District,675,218,104003,91264,87.75
Bangued,206,57,34570,30197,87.35
Danglas,24,8,3502,3223,92.03
Dolores,56,18,8765,7749,88.41
La Paz,78,22,11146,10850,97.34
Lacub,22,10,3047,2579,84.64
Lagangilang,68,22,10614,8844,83.32
Lagayan,23,6,3453,2983,86.39
Licuan-Baay,32,11,4292,3722,86.72
Malibcong,22,12,3084,2719,88.16
San Juan,50,20,7790,6480,83.18
Tayum,69,19,10571,9240,87.41
Tineg,25,13,3169,2678,84.51
APAYAO,496,167,78454,67563,86.12
1st Provincial District,236,80,37396,32211,86.13
Calanasan,56,20,8552,7565,88.46
Conner,102,33,17071,14757,86.44
Kabugao,78,27,11773,9889,84.00 
2nd Provincial District,260,87,41058,35352,86.10 
Flora,66,23,11449,9735,85.03
Luna,79,24,11598,10161,87.61
Pudtol,61,25,9692,8264,85.27
Santa Marcela,54,15,8319,7192,86.45
BENGUET,2532,764,411974,348689,84.64
Lone Legislative District,1535,491,243756,209228,85.84
1st Provincial District,573,180,89165,76483,85.78
Bokod,65,23,10357,9161,88.45
Itogon,233,65,33243,28888,86.90 
Kabayan,61,22,10092,8887,88.06
Sablan,50,18,8333,6944,83.33
Tuba,164,52,27140,22603,83.28
2nd Provincial District,962,311,154591,132745,85.87
Atok,76,28,11817,10293,87.10 
Bakun,61,25,10262,8977,87.48
Buguias,150,56,24686,21206,85.90 
Kapangan,100,33,14132,11583,81.96
Kibungan,64,27,10055,8612,85.65
La Trinidad,303,80,50990,43801,85.90 
Mankayan,139,40,21338,18331,85.91
Tublay,69,22,11311,9942,87.90 
City of Baguio,997,273,168218,139461,82.90 
IFUGAO,951,281,134428,113067,84.11
1st Provincial District,571,157,78667,65250,82.94
Asipulo,54,20,8071,7157,88.68
Hingyon,62,18,8838,6986,79.05
Hungduan,51,14,6311,5377,85.20 
Kiangan,79,25,12347,9609,77.82
Lagawe,105,27,13064,10836,82.95
Lamut,152,33,18658,15554,83.36
Tinoc,68,20,11378,9731,85.52
2nd Provincial District,380,124,55761,47817,85.75
Aguinaldo,81,31,12272,11228,91.49
Alfonso Lista,137,38,20768,17952,86.44
Banaue,98,28,14892,11858,79.63
Mayoyao,64,27,7829,6779,86.59
KALINGA,995,298,154423,135897,88.00 
1st Provincial District,416,130,59823,53091,88.75
Balbalan,71,28,9602,8461,88.12
Lubuagan,71,22,10344,9464,91.49
Pasil,55,17,7212,6501,90.14
Pinukpuk,133,40,21254,18224,85.74
Tinglayan,86,23,11411,10441,91.50 
2nd Provincial District,579,168,94600,82806,87.53
Rizal,82,25,13919,12222,87.81
Tanudan,66,23,10400,9163,88.11
City of Tabuk,431,120,70281,61421,87.39
MOUNTAIN PROVINCE,752,248,115925,96471,83.22
Lone Legislative District,,,,,
1st Provincial District,360,113,54653,46433,84.96
Barlig,32,11,4264,3362,78.85
Bontoc,113,30,17135,14427,84.2
Natonin,55,17,8191,6915,84.42
Paracelis,119,44,18887,16289,86.24
Sadanga,41,11,6176,5440,88.08
2nd Provincial District,392,135,61272,50038,81.67
Bauko,161,50,25511,20020,78.48
Besao,43,17,6152,4936,80.23
Sabangan,56,19,8583,7243,84.39
Sagada,51,23,8435,7176,85.07
Tadian,81,26,12591,10663,84.69
REGION I,23270,6127,3546764,3104841,87.54
ILOCOS NORTE,2789,822,434114,380721,87.70 
1st Legislative District,1453,430,228024,196629,86.23
Adams,14,3,2103,1768,84.07
Bacarra,142,47,22190,20084,90.51
Bangui,68,21,11414,10020,87.79
Burgos,48,14,7480,6636,88.72
Carasi,10,3,1360,1221,89.78
Dumalneg,13,4,2067,1843,89.16
Pagudpud,125,31,18452,16725,90.64
Pasuquin,171,47,23855,19506,81.77
Piddig,96,31,15059,13553,90.00 
Sarrat,126,34,18115,15968,88.15
Vintar,149,46,22110,19697,89.09
City of Laoag,491,149,83819,69608,83.05
2nd Legislative District,1336,392,206090,184092,89.33
Badoc,145,42,22194,19828,89.34
Banna,95,22,13014,11610,89.21
Currimao,69,25,10557,9635,91.27
Dingras,163,47,26286,23446,89.20 
Marcos,82,24,13022,11721,90.01
Nueva Era,40,12,6072,5279,86.94
Paoay,130,38,17543,15863,90.42
Pinili,78,29,12486,11356,90.95
San Nicolas,168,44,26712,23327,87.33
Solsona,113,36,18607,16201,87.07
City of Batac,253,73,39597,35826,90.48
ILOCOS SUR,3182,1007,476984,424693,89.04
1st Legislative District,1344,392,201188,181982,90.45
Bantay,163,42,22324,19757,88.50 
Cabugao,173,50,27278,25441,93.27
Caoayan,93,26,14080,12751,90.56
Magsingal,120,39,20443,18584,90.91
San Ildefonso,45,15,5836,5249,89.94
San Juan,115,36,19186,16448,85.73
San Vicente,63,15,8718,8116,93.09
Santa Catalina,73,18,10617,9492,89.40 
Santo Domingo,152,40,19871,17964,90.40 
Sinait,135,47,18752,17166,91.54
City of Vigan,212,64,34083,31014,91.00 
nd Legislative District,1838,615,275796,242711,88.00 
Alilem,31,12,4974,4249,85.42
Banayoyo,43,17,6246,5630,90.14
Burgos,66,27,9082,7984,87.91
Cervantes,83,25,12070,10385,86.04
Galimuyod,55,26,7431,6682,89.92
Gregorio del Pilar,27,8,3423,2961,86.50 
Lidlidda,24,12,3601,3148,87.42
Nagbukel,31,12,4076,3541,86.87
Narvacan,230,62,31510,28023,88.93
Quirino,45,19,7145,5777,80.85
Salcedo,57,22,7930,6992,88.17
San Emilio,39,14,5570,4938,88.65
San Esteban,41,11,6190,5543,89.55
Santa,76,27,10293,8968,87.13
Santa Cruz,163,56,26351,22414,85.06
Santa Lucia,108,37,17176,15276,88.94
Santa Maria,124,42,20786,18300,88.04
Santiago,95,29,13139,11910,90.65
Sigay,16,8,2071,1859,89.76
Sugpon,20,8,2726,2433,89.25
Suyo,61,19,7635,6612,86.60 
Tagudin,166,54,27818,24924,89.60 
City of Candon,237,68,38553,34162,88.61
LA UNION,3711,959,538730,471231,87.47
1st Legislative District,1678,447,243178,213909,87.96
Bacnotan,186,59,27909,24296,87.05
Balaoan,167,48,26142,23245,88.92
Bangar,153,42,23673,20073,84.79
Luna,193,50,25135,22339,88.88
San Gabriel,93,23,13202,11845,89.72
San Juan,197,54,27002,23841,88.29
Santol,65,20,9587,8381,87.42
Sudipen,106,27,13973,11799,84.44
City of San Fernando,518,124,76555,68090,88.94
2nd Legislative District,2033,512,295552,257322,87.06
Agoo,285,75,44058,39146,88.85
Aringay,225,56,32696,28784,88.04
Bagulin,70,16,9608,8711,90.66
Bauang,362,88,52808,44158,83.62
Burgos,41,14,6733,5906,87.72
Caba,125,33,17787,15007,84.37
Naguilian,249,61,36150,31732,87.78
Pugo,98,22,12786,11142,87.14
Rosario,239,65,36528,31956,87.48
Santo Tomas,181,46,25929,22795,87.91
Tubao,158,36,20469,17985,87.86
PANGASINAN,13588,3339,2096936,1828196,87.18
1st Legislative District,1953,477,294221,255660,86.89
Agno,153,36,20368,18060,88.67
Anda,178,42,27028,23179,85.76
Bani,215,53,31687,27640,87.23
Bolinao,334,74,48329,41537,85.95
Burgos,103,25,14103,12274,87.03
Dasol,166,37,23178,20555,88.68
Infanta,117,28,17534,15372,87.67
Mabini,130,32,17808,15636,87.80 
Sual,206,51,31640,27933,88.28
City of Alaminos,351,99,62546,53474,85.50 
2nd Legislative District,2213,565,351684,309536,88.02
Aguilar,193,46,29400,26377,89.72
Basista,174,38,25118,22187,88.33
Binmaley,408,94,63908,53975,84.46
Bugallon,257,72,48419,43703,90.26
Labrador,144,29,18974,16816,88.63
Lingayen,405,121,72144,63564,88.11
Mangatarem,358,106,54377,47586,87.51
Urbiztondo,274,59,39344,35328,89.79
3rd Legislative District,2850,710,441956,382636,86.58
Bayambang,563,146,83083,72013,86.68
Calasiao,402,97,66216,58654,88.58
Malasiqui,524,145,85815,74554,86.88
Mapandan,172,39,25605,23065,90.08
Santa Barbara,361,84,54954,49465,90.01
City of San Carlos,828,199,126283,104885,83.06
4th Legislative District,2166,502,340564,299802,88.03
Manaoag,292,75,47571,41289,86.79
Mangaldan,434,102,67912,60287,88.77
San Fabian,349,86,57896,48404,83.61
San Jacinto,199,45,28464,25154,88.37
City of Dagupan,892,194,138721,124668,89.87
5th Legislative District,2360,551,352414,306719,87.03
Alcala,236,47,30948,27038,87.37
Bautista,141,35,22290,19691,88.34
Binalonan,278,63,40141,33704,83.96
Laoac,156,40,22336,20040,89.72
Pozorrubio,324,83,53402,43956,82.31
Santo Tomas,70,18,9720,8634,88.83
Sison,231,55,32704,28814,88.11
illasis,307,67,44902,39748,88.52
City of Urdaneta,617,143,95971,85094,88.67
6th Legislative District,2046,534,316097,273843,86.63
Asingan,262,62,40341,35230,87.33
Balungao,123,37,20935,18125,86.58
Natividad,126,33,17981,15817,87.97
Rosales,265,77,46021,40075,87.08
San Manuel,217,50,31225,27095,86.77
San Nicolas,175,53,26993,23509,87.09
San Quintin,139,39,24051,21120,87.81
Santa Maria,172,37,22765,20228,88.86
Tayug,191,48,29526,26221,88.81
Umingan,376,98,56259,46423,82.52
REGION II,14325,4054,2312797,1951482,84.38
BATANES,83,34,13820,11801,85.39
Lone Legislative District,,,,,
1st Provincial District,45,15,7824,6602,84.38
Basco,35,11,6344,5317,83.81
Mahatao,10,4,1480,1285,86.82
2nd Provincial District,38,19,5996,5199,86.71
Itbayat,12,5,2085,1788,85.76
Ivana,8,4,1254,1063,84.77
Sabtang,10,6,1455,1281,88.04
Uyugan,8,4,1202,1067,88.77
CAGAYAN,5107,1360,766018,653635,85.33
1st Legislative District,1957,492,271961,233283,85.78
Alcala,166,41,23914,20352,85.10 
Aparri,277,73,38402,33209,86.48
Baggao,334,83,48060,41258,85.85
Buguey,140,36,19624,16363,83.38
Camalaniugan,114,33,16502,14113,85.52
Gattaran,264,66,34861,29877,85.70 
Gonzaga,206,47,26810,23895,89.13
Lal-lo,207,50,28126,23955,85.17
Santa Ana,165,40,23532,19784,84.07
Santa Teresita,84,23,12130,10477,86.37
2nd Legislative District,1324,395,209121,175143,83.75
Abulug,133,37,20308,17278,85.08
Allacapan,123,41,21521,17633,81.93
Ballesteros,128,38,22592,18725,82.88
Calayan,63,18,9499,7656,80.60 
Claveria,173,47,21360,18455,86.40 
Lasam,166,46,26882,21601,80.35
Pamplona,100,28,16702,14252,85.33
Piat,103,27,16970,14909,87.86
Rizal,84,32,12937,10828,83.70 
Sanchez-Mira,113,31,18189,14721,80.93
Santa Praxedes,28,10,3411,2860,83.85
Santo Ni簽o,110,40,18750,16225,86.53
3rd Legislative District,1826,473,284936,245209,86.06
Amulung,257,63,32138,28007,87.15
Enrile,165,39,23072,20023,86.78
Iguig,131,34,18167,15561,85.66
Pe簽ablanca,181,51,29523,24870,84.24
Solana,319,80,49201,42666,86.72
Tuao,237,62,38816,32567,83.9
City of Tuguegarao,536,144,94019,81515,86.7
ISABELA,6637,1918,1112858,927144,83.31
1st Legislative District,1540,464,259291,212416,81.92
Cabagan,181,51,31525,27496,87.22
Delfin Albano,124,38,18541,15665,84.49
Divilacan,27,12,4053,2966,73.18
Maconacon,22,10,3176,2569,80.89
San Pablo,101,30,16934,14503,85.64
Santa Maria,101,33,18203,15484,85.06
Santo Tomas,101,36,17959,13193,73.46
Tumauini,293,83,47850,37199,77.74
City of Ilagan,590,171,101050,83341,82.48
2nd Legislative District,763,229,126619,107078,84.57
Benito Soliven,124,40,19515,16579,84.96
Gamu,132,33,20144,17183,85.30 
Naguilian,132,39,21538,18179,84.40 
Palanan,76,22,12583,10372,82.43
Reina Mercedes,102,35,18359,15101,82.25
San Mariano,197,60,34480,29664,86.03
3rd Legislative District,1115,310,179384,152023,84.75
Alicia,303,78,47975,40261,83.92
Angadanan,202,67,29668,25153,84.78
Cabatuan,137,43,25377,21922,86.39
Ramon,202,55,34940,28354,81.15
San Mateo,271,67,41424,36333,87.71
4th Legislative District,1161,311,192229,159503,82.98
Cordon,168,50,29350,25233,85.97
Dinapigue,30,9,4508,3789,84.05
Jones,213,60,30539,25952,84.98
San Agustin,94,31,16547,12963,78.34
City of Santiago,656,161,111285,91566,82.28
5th Legislative District,1037,295,174976,146019,83.45
Aurora,148,44,24591,21347,86.81
Burgos,101,31,18002,14007,77.81
Luna,99,29,15443,12733,82.45
Mallig,120,34,21355,17236,80.71
Quezon,96,28,16594,13682,82.45
Quirino,97,30,16615,14435,86.88
Roxas,257,63,40790,34376,84.28
San Manuel,119,36,21586,18203,84.33
6th Legislative District,1021,309,180359,150105,83.23
San Guillermo,80,29,13719,11474,83.64
San Isidro,97,28,17522,14616,83.42
Echague,332,103,58472,47183,80.69
City of Cauayan,512,149,90646,76832,84.76
NUEVA VIZCAYA,1736,520,296233,252486,85.23
1st Provincial District,858,271,149047,125866,84.45
Alfonso Casta簽eda,41,11,6141,5005,81.50 
Aritao,129,39,23422,19938,85.13
Bambang,190,55,33725,28975,85.92
Dupax del Norte,105,33,18898,15750,83.34
Dupax del Sur,84,26,14075,11850,84.19
Kasibu,142,46,24670,19670,79.73
Kayapa,97,37,15603,13722,87.94
Santa Fe,70,24,12513,10956,87.56
2nd Provincial District,878,249,147186,126620,86.03
Ambaguio,42,16,7421,6526,87.94
Bagabag,146,38,22035,18894,85.75
Bayombong,220,59,38252,33317,87.10 
Diadi,73,24,11517,9870,85.70 
Quezon,89,29,15611,13197,84.54
Solano,226,64,40348,34573,85.69
Villaverde,82,19,12002,10243,85.34
QUIRINO,762,222,123868,106416,85.91
1st Provincial District,387,110,62484,53218,85.17
Cabarroguis,123,33,20999,17480,83.24
Diffun,190,59,30640,26202,85.52
Saguday,74,18,10845,9536,87.93
2nd Provincial District,375,112,61384,53198,86.66
Aglipay,111,35,18977,16037,84.51
Maddela,165,46,25180,21879,86.89
Nagtipunan,99,31,17227,15282,88.71
REGION III,45094,10993,7289791,6304414,86.48
AURORA,1036,279,154688,130167,84.15
1st Provincial District,659,166,95292,80436,84.41
Baler,211,42,28138,23121,82.17
Dingalan,134,31,19055,16285,85.46
Maria Aurora,177,57,28333,24178,85.34
San Luis,137,36,19766,16852,85.26
2nd Provincial District,377,113,59396,49731,83.73
Casiguran,108,35,17926,14717,82.10 
Dilasag,69,19,11250,9547,84.86
Dinalungan,51,16,9095,7810,85.87
Dipaculao,149,43,21125,17657,83.58
BATAAN,3777,861,566479,498293,87.96
1st Legislative District,1121,243,156757,138724,88.50 
Abucay,205,42,28142,25112,89.23
Hermosa,346,76,50030,44019,87.99
Orani,367,75,48916,42686,87.26
Samal,203,50,29669,26907,90.69
2nd Legislative District,1281,308,197735,173406,87.70 
Limay,369,90,57262,51205,89.42
Orion,279,62,40056,35485,88.59
Pilar,207,53,30946,25792,83.35
City of Balanga,426,103,69471,60924,87.70 
3rd Legislative District,1375,310,211987,186163,87.82
Bagac,157,38,24423,21756,89.08
Morong,135,35,23488,20651,87.92
Mariveles,598,120,89085,77292,86.76
Dinalupihan,485,117,74991,66464,88.63
BULACAN,12659,2878,2007523,1758220,87.58
1st Legislative District,2580,646,437780,381801,87.21
Bulacan,315,80,54329,47893,88.15
Calumpit,390,108,70117,62178,88.68
Hagonoy,518,120,82230,68321,83.09
Paombong,220,58,37730,33222,88.05
Pulilan,361,92,66128,58008,87.72
City of Malolos,776,188,127246,112179,88.16
2nd Legislative District,1272,321,224922,196901,87.54
Baliuag,580,150,107076,94155,87.93
Bustos,310,69,48827,43240,88.56
Plaridel,382,102,69019,59506,86.22
3rd Legislative District,1664,406,265734,234096,88.09
Do簽a Remedios Trinidad,140,38,23987,20261,84.47
San Ildefonso,448,119,76231,69014,90.53
San Miguel,620,152,100163,87920,87.78
San Rafael,456,97,65353,56901,87.07
4th Legislative District,1977,370,265701,231109,86.98
Marilao,710,135,101490,88638,87.34
Obando,270,53,35974,30127,83.75
City of Mecauayan,997,182,128237,112344,87.61
5th Legislative District,1690,405,291581,260637,89.39
Bocaue,469,108,77091,68424,88.76
Guiguinto,413,104,75003,67302,89.73
Balagtas,325,70,51503,45522,88.39
Pandi,483,123,87984,79389,90.23
6th Legislative District,1617,368,260065,229133,88.11
Angat,252,62,42236,36906,87.38
Norzagaray,523,109,75449,65634,86.99
Santa Maria,842,197,142380,126593,88.91
City of San Jose del Monte,1859,362,261740,224543,85.79
NUEVA ECIJA,9269,2378,1541685,1297243,84.14
1st Legislative District,2387,628,388005,325958,84.01
Aliaga,270,74,49634,44104,88.86
Cuyapo,321,80,44268,36573,82.62
Guimba,527,128,77606,66450,85.62
Licab,103,29,18082,15521,85.84
Nampicuan,80,24,10873,9503,87.40 
Quezon,153,36,22535,19266,85.49
Santo Domingo,234,63,39694,33824,85.21
Talavera,520,144,94432,73663,78.01
Zaragoza,179,50,30881,27054,87.61
2nd Legislative District,1939,508,319000,269103,84.36
Carranglan,165,47,27485,22350,81.32
Llanera,157,43,25747,21962,85.30 
Lupao,178,50,30160,26102,86.55
Pantabangan,147,41,27784,21047,75.75
Rizal,206,57,35690,30350,85.04
Talugtug,108,33,16600,14526,87.51
San Jose City,657,146,99276,85044,85.66
Science City of Mu簽oz,321,91,56258,47722,84.83
3rd Legislative District,2541,651,431025,354792,82.31
Bongabon,252,71,46364,41406,89.31
Gabaldon,131,39,24564,21521,87.61
General Mamerto Natividad,156,47,29176,26253,89.98
Laur,139,39,25304,21165,83.64
Santa Rosa,275,78,48393,42050,86.89
City of Cabanatuan,1364,317,217785,175463,80.57
City of Palayan,224,60,39439,26934,68.29
4th Legislative District,2402,591,403655,347390,86.06
Cabiao,347,85,58003,51167,88.21
General Tinio,219,57,39556,34422,87.02
Jaen,303,87,56416,46623,82.64
Pe簽aranda,159,39,25757,21990,85.37
San Antonio,321,82,57256,49035,85.64
San Isidro,200,51,33813,29515,87.29
San Leonardo,244,59,42651,36277,85.06
City of Gapan,609,131,90203,78361,86.87
PAMPANGA,9517,2356,1580473,1374488,86.97
1st Legislative District,2461,605,416188,357668,85.94
Magalang,443,118,78392,70272,89.64
City of Angeles,1213,298,205822,172636,83.88
Mabalacat City,805,189,131974,114760,86.96
2nd Legislative District,2175,539,353548,309051,87.41
Floridablanca,414,112,72707,63099,86.79
Guagua,461,100,64500,56150,87.05
Lubao,575,136,88143,76751,87.08
Porac,430,112,76871,67365,87.63
Santa Rita,162,42,28467,24999,87.82
Sasmuan,133,37,22860,20687,90.49
3rd Legislative District,2627,648,439078,384455,87.56
Arayat,469,110,74454,65496,87.97
Bacolor,358,77,49843,41923,84.11
Mexico,489,138,89270,79904,89.51
Santa Ana,185,52,34534,30431,88.12
City of San Fernando,1126,271,190977,166701,87.29
4th Legislative District,2254,564,371659,323314,86.99
Apalit,416,90,62083,52989,85.35
Candaba,433,118,77393,69106,89.29
Macabebe,296,71,44165,36271,82.13
Masantol,267,63,40000,35867,89.67
Minalin,203,51,32654,28580,87.52
San Luis,203,58,36761,31994,87.03
San Simon,242,65,45396,39233,86.42
Santo Tomas,194,48,33207,29274,88.16
TARLAC,5361,1412,898634,787331,87.61
1st Legislative District,1850,483,286133,246344,86.09
Anao,60,20,9050,7630,84.31
Camiling,370,94,53623,46461,86.64
Mayantoc,126,38,21300,19018,89.29
Moncada,225,66,38503,34432,89.43
Paniqui,464,109,70802,57105,80.65
Pura,134,32,18041,15821,87.69
Ramos,104,25,15176,13729,90.47
San Clemente,62,18,9742,8477,87.01
San Manuel,122,30,17743,15400,86.79
Santa Ignacia,183,51,32153,28271,87.93
2nd Legislative District,1955,517,332594,292644,87.99
Gerona,318,97,57320,50276,87.71
San Jose,118,34,20408,18092,88.65
Victoria,223,65,41082,35686,86.87
City of Tarlac,1296,321,213784,188590,88.22
3rd Legislative District,1556,412,279907,248343,88.72
Bamban,276,65,45008,39550,87.87
Capas,465,121,84438,74643,88.4
Concepcion,574,158,106576,94221,88.41
La Paz,241,68,43885,39929,90.99
ZAMBALES,3475,829,540309,458672,84.89
1st Legislative District,1724,366,253619,208399,82.17
Castillejos,214,54,36532,30001,82.12
San Marcelino,158,39,24927,20268,81.31
Subic,454,101,68453,56329,82.29
City of Olongapo,898,172,123707,101801,82.29
2nd Legislative District,1751,463,286690,250273,87.30 
Botolan,286,74,44728,39695,88.75
Cabangan,116,35,18414,16240,88.19
Candelaria,115,35,19714,17235,87.43
Iba,219,52,36083,31513,87.33
Masinloc,223,60,38462,33818,87.93
Palauig,159,45,27953,24363,87.16
San Antonio,141,35,23126,20035,86.63
San Felipe,115,26,16774,14300,85.25
San Narciso,116,35,20270,17306,85.38
Santa Cruz,261,66,41166,35768,86.89
REGION IV-A,58257,13965,9193096,7635624,83.06
BATANGAS,11118,2860,1819071,1587376,87.26
1st Legislative District,2330,645,393786,341906,86.83
Balayan,338,97,57168,50096,87.63
Calaca,337,94,58881,53678,91.16
Calatagan,210,57,35488,30089,84.79
Lemery,373,96,55827,48321,86.55
Lian,208,54,35736,31214,87.35
Nasugbu,466,128,82540,70101,84.93
Taal,226,70,38386,33345,86.87
Tuy,172,49,29760,25062,84.21
2nd Legislative District,1232,323,196497,171021,87.03
Bauan,335,94,58725,50940,86.74
Lobo,175,46,27511,24356,88.53
Mabini,208,53,31514,27783,88.16
San Luis,168,45,25363,22141,87.30 
San Pascual,263,66,41762,35896,85.95
Tingloy,83,19,11622,9905,85.23
3rd Legislative District,2865,745,478027,421081,88.09
Agoncillo,195,52,27062,24590,90.87
Alitagtag,115,37,19091,16726,87.61
Balete,103,25,15006,13533,90.18
Cuenca,183,42,25580,22969,89.79
Laurel,181,45,26264,24062,91.62
Malvar,210,57,38118,31862,83.59
Mataas na Kahoy,125,34,21087,18401,87.26
San Nicolas,122,27,16841,14461,85.87
Santa Teresita,86,27,13799,11719,85.55
Talisay,203,47,28981,25753,88.86
City of Santo Tomas,590,153,111393,96576,86.70 
City of Tanauan,752,199,134905,120429,89.27
4th Legislative District,2107,475,307973,271803,88.26
Ibaan,251,66,40736,35674,87.57
Padre Garcia,223,48,32319,28688,88.77
Rosario,532,122,80370,72579,90.31
San Jose,366,83,53450,47322,88.54
San Juan,534,111,72482,62537,86.28
Taysan,201,45,28616,25003,87.37
5th Legislative District,,,, ,
Batangas City,1326,339,220199,186853,84.86
6th Legislative District,,,, ,
City of Lipa,1258,333,222589,194712,87.48
CAVITE,14593,3373,2302353,1871919,81.3
1st Legislative District,1572,399,260439,203180,78.01
Kawit,346,93,62698,50805,81.03
Noveleta,216,49,33423,26920,80.54
Rosario,508,128,93315,67331,72.15
City of Cavite,502,129,71003,58124,81.86
2nd Legislative District,1890,417,294496,233429,79.26
City of Bacoor,1890,417,294496,233429,79.26
3rd Legislative District,1439,349,224081,184870,82.50 
City of Imus,1439,349,224081,184870,82.50 
4th Legislative District,2767,547,400074,336817,84.19
City of Dasmari簽as,2767,547,400074,336817,84.19
5th Legislative District,1839,437,298625,248854,83.33
Carmona,332,77,55821,47987,85.97
General Mariano Alvarez,650,130,92515,77125,83.36
Silang,857,230,150289,123742,82.34
6th Legislative District,1060,268,193284,141035,72.97
City of General Trias,1060,268,193284,141035,72.97
7th Legislative District,2064,499,347207,282849,81.46
Amadeo,200,48,28710,24782,86.32
Tanza,829,219,156215,126887,81.23
Indang,370,74,45647,38707,84.8
City of Trece Martires,665,158,116635,92473,79.28
8th Legislative District,1962,457,284147,240885,84.77
Alfonso,292,63,36518,31772,87
General Emilio Aguinaldo,129,29,16934,14328,84.61
Magallanes,117,28,16005,13964,87.25
Maragondon,236,55,33062,27811,84.12
Mendez,146,39,23393,20371,87.08
Naic,583,131,89121,74658,83.77
Ternate,100,28,17513,14688,83.87
City of Tagaytay,359,84,51601,43293,83.90 
LAGUNA,12444,3002,2045687,1656745,80.99
1st Legislative District,1254,242,174499,145623,83.45
City of San Pedro,1254,242,174499,145623,83.45
2nd Legislative District,1992,473,351176,282217,80.36
Bay,239,63,42516,36209,85.17
Los Ba簽os,517,97,71941,62224,86.49
City of Cabuyao,1236,313,236719,183784,77.64
3rd Legislative District,2355,553,343966,298826,86.88
Alaminos,201,48,32371,28590,88.32
Calauan,252,70,46467,38999,83.93
Liliw,181,51,25875,22356,86.40 
Nagcarlan,281,84,45866,38956,84.93
Rizal,94,22,13691,11569,84.50 
Victoria,198,45,29744,24775,83.29
City of San Pablo,1148,233,149952,133581,89.08
4th Legislative District,2526,660,397665,325776,81.92
Cavinti,113,35,19731,16104,81.62
Famy,89,28,14156,11546,81.56
Kalayaan,119,25,17127,14243,83.16
Luisiana,107,32,15081,13107,86.91
Lumban,160,39,23404,19501,83.32
Mabitac,90,29,16183,12623,78.00 
Magdalena,116,36,18068,15416,85.32
Majayjay,142,47,20280,17780,87.67
Paete,132,29,19648,14867,75.67
Pagsanjan,213,49,31210,25285,81.02
Pakil,94,27,17292,13502,78.08
Pangil,102,25,16877,13589,80.52
Pila,217,56,37299,29609,79.38
Siniloan,166,46,27813,21946,78.91
Santa Cruz,532,116,79938,66685,83.42
Santa Maria,134,41,23558,19973,84.78
Lone Legislative District,, , , ,
City of Bi簽an,1183,301,223491,176525,78.99
Lone Legislative District,, , , ,
City of Calamba,1851,468,332844,245133,73.65
Lone Legislative District,, , , ,
City of Santa Rosa,1283,305,222046,182645,82.26
QUEZON,8958,2443,1424023,1221506,85.78
1st Legislative District,2482,622,365650,307457,84.09
Burdeos,96,27,14929,12077,80.9
General Nakar,153,47,24645,21050,85.41
Infanta,291,75,46012,39549,85.95
Jomalig,34,10,5231,4530,86.6
Lucban,241,57,35705,29811,83.49
Mauban,346,77,44895,38718,86.24
Pagbilao,295,80,51109,40401,79.05
Panukulan,72,20,11266,9556,84.82
Patnanungan,65,16,8819,7267,82.40 
Polillo,151,35,20692,17774,85.90 
Real,140,37,23605,19894,84.28
Sampaloc,92,20,10002,8621,86.19
City of Tayabas,506,121,68740,58209,84.68
2nd Legislative District,2721,684,471129,416767,88.46
Candelaria,519,115,81374,71604,87.99
Dolores,127,35,20688,18397,88.93
San Antonio,152,41,24411,21726,89.00 
Sariaya,513,141,96447,84542,87.66
Tiaong,443,101,64797,58325,90.01
City of Lucena,967,251,183412,162173,88.42
3rd Legislative District,1840,532,290045,246406,84.95
Agdangan,59,18,9379,8225,87.70 
Buenavista,123,43,19886,17472,87.86
Catanauan,250,74,44042,38482,87.38
General Luna,103,36,17719,15322,86.47
Macalelon,143,34,17470,15106,86.47
Mulanay,220,60,35227,30753,87.30 
Padre Burgos,117,33,18182,13760,75.68
Pitogo,115,42,16756,15066,89.91
San Andres,133,30,19620,16286,83.01
San Francisco,227,65,41909,34677,82.74
San Narciso,231,55,31708,25323,79.86
Unisan,119,42,18147,15934,87.81
4th Legislative District,1915,605,297199,250876,84.41
Alabat,74,25,11711,9920,84.71
Atimonan,297,72,38098,32065,84.16
Calauag,301,99,46959,39532,84.18
Guinayangan,174,64,28269,23979,84.82
Gumaca,284,92,46520,38515,82.79
Lopez,356,128,60990,51175,83.91
Perez,66,19,9471,8299,87.63
Plaridel,58,15,8768,7687,87.67
Quezon,82,26,11032,9660,87.56
Tagkawayan,223,65,35381,30044,84.92
RIZAL,11144,2287,1601962,1298078,81.03
1st Legislative District,3707,760,521954,439138,84.13
Angono,494,101,70448,57758,81.99
Binangonan,945,193,136815,114337,83.57
Cainta,1238,248,161747,137606,85.07
Taytay,1030,218,152944,129437,84.63
2nd Legislative District,1917,440,297030,246308,82.92
Baras,283,66,46282,33397,72.16
Cardona,230,49,31963,27911,87.32
Jala-jala,136,34,22212,19482,87.71
Morong,271,59,41363,35897,86.79
Pililla,273,55,38743,32946,85.04
Tanay,446,108,70360,57941,82.35
Teresa,278,69,46107,38734,84.01
3rd Legislative District,791,161,110276,96783,87.76
San Mateo,791,161,110276,96783,87.76
4th Legislative District,1248,274,201452,166481,82.64
Rodriguez,1248,274,201452,166481,82.64
Two Legislative Districts,,,, ,
City of Antipolo,3481,652,471250,349368,74.14
1st Legislative District,,291,215070,163397,75.97
2nd Legislative District,,361,256180,185971,72.59
REGION IV-B,12668,3348,1991599,1670695,83.89
MARINDUQUE,1154,310,161538,140674,87.08
"Lone Legislative District	 	 	 	 	 ",,,,,
1st Provincial District,598,170,84320,74733,88.63
Boac,266,80,37287,33828,90.72
Gasan,168,42,24102,21011,87.18
Mogpog,164,48,22931,19894,86.76
2nd Provincial District,556,140,77218,65941,85.40 
Buenavista,108,27,16105,13854,86.02
Santa Cruz,301,74,39773,34305,86.25
Torrijos,147,39,21340,17782,83.33
OCCIDENTAL MINDORO,1961,510,313427,263453,84.06
"Lone Legislative District	 	 	 	 	 ",,,,,
1st Provincial District,1048,266,160406,135534,84.49
Abra De Ilog,142,31,20173,16502,81.8
Looc,60,14,7644,6431,84.13
Lubang,96,27,13799,11770,85.3
Mamburao,189,49,30393,25254,83.09
Paluan,85,24,13274,11374,85.69
Sablayan,336,81,50763,43183,85.07
Santa Cruz,140,40,24360,21020,86.29
2nd Provincial District,913,244,153021,127919,83.60 
Calintaan,119,30,19054,14639,76.83
Magsaysay,155,41,22982,19965,86.87
Rizal,165,42,24875,20888,83.97
San Jose,474,131,86110,72427,84.11
ORIENTAL MINDORO,3654,939,564128,464438,82.33
1st Legislative District,2066,529,312393,256084,81.97
Baco,182,49,25214,21186,84.02
Naujan,437,115,64507,53601,83.09
Pola,148,39,23297,19542,83.88
Puerto Galera,196,45,27759,22200,79.97
San Teodoro,93,22,12972,10016,77.21
Socorro,159,41,24822,21043,84.78
Victoria,266,61,32901,27206,82.69
City of Calapan,585,157,100921,81290,80.55
2nd Legislative District,1588,410,251735,208354,82.77
Bansud,164,40,26983,21793,80.77
Bongabong,270,79,46894,37489,79.94
Bulalacao,166,45,25389,21191,83.47
Gloria,210,56,33374,26894,80.58
Mansalay,188,52,31072,26567,85.50 
Pinamalayan,352,80,50248,42288,84.16
Roxas,238,58,37775,32132,85.06
PALAWAN,4564,1216,746387,625935,83.86
1st Legislative District,1755,513,292031,250217,85.68
Agutaya,50,16,7727,6583,85.19
Araceli,74,17,9885,8317,84.14
Busuanga,91,29,16439,13850,84.25
Cagayancillo,33,14,4790,4205,87.79
Coron,244,65,40511,32607,80.49
Culion,83,26,13979,12067,86.32
Cuyo,90,29,14912,12477,83.67
Dumaran,101,31,14971,12986,86.74
El Nido,208,56,33692,29950,88.89
Kalayaan,3,1,521,435,83.49
Linapacan,65,18,10765,8861,82.31
Magsaysay,57,15,8046,6808,84.61
Roxas,250,77,43171,37315,86.44
San Vicente,132,42,22799,20152,88.39
Taytay,274,77,49823,43604,87.52
2nd Legislative District,1585,409,260323,215762,82.88
Balabac,145,47,24092,19687,81.72
Bataraza,290,84,53833,39651,73.66
Brooke's Point,312,71,47082,41379,87.89
Narra,310,68,46022,39739,86.35
Quezon,204,62,37699,31816,84.39
Rizal,178,44,28920,24216,83.73
Sofronio Espa簽ola,146,33,22675,19274,85.00 
3rd Legislative District,1224,294,194033,159956,82.44
Aborlan,163,52,29443,23409,79.51
City of Puerto Princesa,1061,242,164590,136547,82.96
ROMBLON,1335,373,206119,176195,85.48
Lone Legislative District,,,,,
1st Provincial District,676,189,96975,82400,84.97
Banton,31,18,3963,3186,80.39
Cajidiocan,91,25,14136,12048,85.23
Concepcion,23,9,3375,2898,85.87
Corcuera,53,16,6505,5531,85.03
Magdiwang,73,17,10091,8574,84.97
Romblon,182,49,26229,22723,86.63
San Agustin,104,27,16002,13501,84.37
San Fernando,119,28,16674,13939,83.60 
2nd Provincial District,659,184,109144,93795,85.94
Alcantara,66,20,11769,9914,84.24
Calatrava,44,13,7807,6933,88.80 
Ferrol,39,8,5078,4440,87.44
Looc,93,25,15419,12981,84.19
Odiongan,176,51,31538,27962,88.66
San Andres,68,22,11600,9988,86.1
San Jose,44,12,7592,6397,84.26
Santa Fe,85,21,11853,9722,82.02
Santa Maria,44,12,6488,5458,84.12
REGION V,23408,6656,3910261,3366689,86.1
ALBAY,5271,1494,890148,775762,87.15
1st Legislative District,1531,435,265019,228183,86.10 
Bacacay,295,92,49368,42078,85.23
Malilipot,170,47,30851,26910,87.23
Malinao,213,52,33378,28079,84.12
Santo Domingo,145,45,26395,23742,89.95
Tiwi,213,62,36928,32617,88.33
City of Tabaco,495,137,88099,74757,84.86
2nd Legislative District,1797,500,300750,270007,89.78
Camalig,283,79,45686,39244,87.29
Daraga,462,134,83560,75574,90.44
Manito,100,29,17652,15394,87.21
Rapu-rapu,166,46,22940,19783,86.24
City of Legazpi,786,212,131412,119812,91.17
3rd Legislative District,1943,559,324379,277572,85.57
Guinobatan,320,99,58205,50940,87.52
Jovellar,75,26,11913,10012,84.04
Libon,270,80,46379,37862,81.64
Oas,286,81,43206,36792,85.15
Pio Duran,193,59,33678,28120,83.50 
Polangui,406,98,60015,52593,87.63
City of Ligao,393,116,70983,61253,86.29
CAMARINES NORTE,2368,630,384871,334987,87.04
1st Legislative District,1155,319,192328,166388,86.51
Capalonga,126,39,22764,20221,88.83
Jose Panganiban,259,62,36627,31216,85.23
Labo,364,111,67178,58077,86.45
Paracale,240,63,37716,32441,85.75
Santa Elena,166,44,28043,24733,87.48
2nd Legislative District,1213,311,192543,168599,87.56
Basud,196,51,28107,24491,87.13
Daet,372,92,63259,55180,87.23
Mercedes,244,55,34939,31013,88.76
San Lorenzo Ruiz,74,20,11121,9702,87.24
San Vicente,61,16,8493,7429,87.47
Talisay,105,29,17485,15172,86.77
Vinzons,161,48,29139,25612,87.90 
CAMARINES SUR,7802,2183,1307553,1120868,85.72
1st Legislative District,823,247,136519,118004,86.44
Cabusao,88,23,14516,12828,88.37
Del Gallego,116,39,18530,15701,84.73
Lupi,155,45,21240,18382,86.54
Ragay,221,64,39224,34019,86.29
Sipocot,243,76,42809,37074,86.60 
2nd Legislative District,1387,368,217470,186437,85.73
Gainza,58,16,9446,8151,86.29
Libmanan,502,124,71613,60660,84.71
Milaor,150,42,23967,21197,88.44
Minalabac,185,57,32734,27857,85.10 
Pamplona,147,40,23928,20415,86.77
Pasacao,187,49,31618,27194,86.01
San Fernando,158,40,24564,20963,85.34
3rd Legislative District,1898,523,336042,284032,84.52
Bombon,71,21,12089,10500,86.86
Calabanga,313,95,56664,46757,82.52
Camaligan,110,26,16233,14185,87.38
Canaman,130,37,21937,19292,87.94
Magarao,113,34,20278,17255,84.26
Ocampo,165,50,29764,25939,87.15
Pili,372,95,61396,50057,81.53
City of Naga,624,165,117481,100047,85.16
4th Legislative District,1830,531,300303,258484,86.07
Caramoan,251,67,34357,30059,87.49
Garchitorena,106,38,18388,15942,86.70 
Goa,257,67,39926,34704,86.92
Lagonoy,219,66,38858,33846,87.10 
Presentacion,116,30,16751,14551,87.46
Sag簽ay,147,39,22581,19419,86.00 
San Jose,170,54,30280,26972,89.08
Siruma,85,29,14402,12540,87.07
Tigaon,214,63,39355,31866,80.97
Tinambac,265,78,45405,38485,84.76
5th Legislative District,1864,514,317219,273911,86.35
Baao,198,61,36241,32186,88.81
Balatan,116,34,20655,17225,83.39
Bato,193,60,33077,28670,86.68
Buhi,308,89,54826,44648,81.44
Bula,246,75,44669,38098,85.29
Nabua,294,88,54225,46785,86.28
City of Iriga,509,107,73526,66299,90.17
CATANDUANES,1311,408,198872,173597,87.29
Lone Legislative District,,,,,
1st Provincial District,673,189,101627,89523,88.09
Caramoran,153,42,21982,19061,86.71
San Andres,167,55,37996,33840,87.75
Virac,353,92,51081,45896,89.26
2nd Provincial District,638,219,97245,84074,86.46
Bagamanoc,65,18,8616,7531,87.41
Baras,71,30,11158,9396,84.21
Bato,115,35,17008,14509,85.31
Gigmoto,47,14,7647,6625,86.64
Pandan,111,31,16223,14517,89.48
Panganiban,53,23,8082,6979,86.35
San Miguel,75,30,11270,9752,85.93
Viga,101,38,16641,14218,85.44
MASBATE,3561,1013,590735,492707,83.41
1st Legislative District,747,214,122539,105702,86.26
Batuan,68,20,10810,9245,85.52
Claveria,164,45,25027,21769,86.98
Monreal,111,32,20127,16723,83.09
San Fernando,99,32,16106,13982,86.81
San Jacinto,121,37,22003,18949,86.12
San Pascual,184,48,28466,25034,87.94
2nd Legislative District,1458,418,252110,208126,82.55
Aroroy,297,89,54625,43614,79.84
Baleno,110,36,18962,16099,84.90 
Balud,157,50,28042,24396,86.64
Mandaon,175,47,27340,22031,81.57
Milagros,210,58,33988,28051,82.53
Mobo,145,46,26048,21663,83.17
City of Masbate,364,92,63105,52002,82.56
3rd Legislative District,1356,381,216086,178879,82.78
Cataingan,221,57,31545,26038,82.54
Cawayan,257,74,44749,36885,82.43
Dimasalang,108,32,17834,15429,86.51
Esperanza,80,26,12747,10615,83.27
Palanas,111,34,18704,15996,84.99
Pio V. Corpuz,111,30,17200,13944,81.07
Placer,246,65,38475,31918,82.96
Uson,222,63,34832,28154,80.83
SORSOGON,3095,928,538082,468768,87.12
1st Legislative District,1530,464,274532,239581,87.27
Casiguran,127,41,22747,19967,87.78
Castilla,212,61,37996,33340,87.75
Donsol,186,65,30878,26620,86.21
Magallanes,141,46,24718,21923,85.86
Pilar,256,79,46491,39839,85.69
City of Sorsogon,608,172,111702,98592,88.26
2nd Legislative District,1565,464,263550,229187,86.96
Barcelona,95,32,16497,14586,88.42
Bulan,383,116,67070,58557,87.31
Bulusan,101,35,17391,15176,87.26
Gubat,259,69,40820,36214,88.72
Irosin,256,62,39689,35498,89.44
Juban,132,40,23521,19787,84.12
Matnog,180,59,30676,24936,81.29
Prieto Diaz,90,29,15353,13451,86.81
Santa Magdalena,69,22,12333,10932,88.64
REGION VI,31536,8570,5026482,4282256,85.19
AKLAN,2664,694,409938,353272,86.18
1st Legislative District,1360,352,209315,180243,86.11
Altavas,114,30,17993,15460,85.92
Balete,117,30,17875,15201,85.04
Banga,183,50,29166,24966,85.60 
Batan,173,42,23831,20275,85.08
Kalibo,353,83,54660,47009,86.00 
Libacao,120,37,19190,16206,84.45
Madalag,96,28,13362,11811,88.39
New Washington,204,52,33238,29315,88.20 
2nd Legislative District,1304,342,200623,173029,86.25
Buruanga,77,22,12598,10611,84.23
Ibajay,233,59,32920,29213,88.74
Lezo,72,20,10039,9032,89.97
Makato,121,36,21282,19130,89.89
Malay,248,63,42135,33694,79.97
Malinao,114,32,16428,14151,86.14
Nabas,165,42,25481,22328,87.63
Numancia,162,40,24163,20930,86.62
Tangalan,112,28,15577,13940,89.49
ANTIQUE,2546,794,387998,338242,87.18
Lone Legislative District, , , , ,
1st Provincial District,1217,391,188573,165348,87.68
Anini-y,102,29,14197,12157,85.63
Belison,69,18,9935,8695,87.52
Hamtic,180,60,30483,26308,86.3
San Jose,230,60,37962,32913,86.70 
San Remigio,139,52,22808,20646,90.52
Sibalom,277,88,39558,35105,88.74
Tobias Fornier,125,55,19317,16996,87.98
Valderrama,95,29,14313,12528,87.53
2nd Provincial District,1329,403,199425,172894,86.70 
Barbaza,107,43,15881,13698,86.25
Bugasong,161,40,22422,19662,87.69
Caluya,149,40,23998,20536,85.57
Culasi,194,58,28497,24645,86.48
Laua-an,135,49,19526,16928,86.69
Libertad,70,24,11402,9832,86.23
Pandan,149,47,24806,21677,87.39
Patnongon,156,47,22006,18939,86.06
Sebaste,89,21,12766,11150,87.34
Tibiao,119,34,18121,15827,87.34
CAPIZ,3084,906,529079,456474,86.28
1st Legislative District,1594,468,280436,242273,86.39
Ma-ayon,154,50,27069,23756,87.76
Panay,205,63,33734,28852,85.53
Panitan,161,50,28658,24420,85.21
Pilar,161,50,29375,24824,84.51
Pontevedra,184,52,31457,26773,85.11
President Roxas,120,36,20694,17919,86.59
City of Roxas,609,167,109449,95729,87.46
2nd Legislative District,1490,438,248643,214201,86.15
Cuartero,110,36,19641,17199,87.57
Dao,133,39,22990,20378,88.64
Dumalag,126,35,21014,18080,86.04
Dumarao,173,53,31139,27583,88.58
Ivisan,119,36,21542,18746,87.02
Jamindan,148,46,26030,21907,84.16
Mambusao,202,50,28567,24804,86.83
Sapi-an,102,29,18789,16060,85.48
Sigma,132,39,22835,20007,87.62
Tapaz,245,75,36096,29437,81.55
GUIMARAS,824,210,124076,107885,86.95
Lone Legislative District, , , , ,
1st Provincial District,357,97,55065,48220,87.57
Buenavista,236,68,36365,32152,88.41
San Lorenzo,121,29,18700,16068,85.93
2nd Provincial District,467,113,69011,59665,86.46
Jordan,155,42,26350,23062,87.52
Nueva Valencia,213,45,27338,23364,85.46
Sibunag,99,26,15323,13239,86.40 
ILOILO,10129,3060,1628752,1381876,84.84
1st Legislative District,1473,541,228690,199035,87.03
Guimbal,147,46,24008,20541,85.56
Igbaras,151,52,20685,17833,86.21
Miagao,271,130,41603,36169,86.94
Oton,329,87,54130,47551,87.85
San Joaquin,226,94,32276,27536,85.31
Tigbauan,251,82,41216,36397,88.31
Tubungan,98,50,14772,13008,88.06
2nd Legislative District,1502,450,222230,195525,87.98
Alimodian,174,63,25571,22439,87.75
Leganes,160,40,25332,21907,86.48
Leon,217,97,33324,29911,89.76
New Lucena,112,33,17052,14111,82.75
Pavia,264,60,39084,33917,86.78
San Miguel,146,39,20676,18455,89.26
Santa Barbara,307,84,42339,38038,89.84
Zarraga,122,34,18852,16747,88.83
3rd Legislative District,1769,557,273797,232766,85.01
Badiangan,123,36,17360,14368,82.76
Bingawan,60,19,10083,8512,84.42
Cabatuan,232,82,36656,32067,87.48
Calinog,243,80,41679,34133,81.89
Janiuay,258,83,41545,34537,83.13
Lambunao,275,88,40788,34544,84.69
Maasin,163,57,24755,22048,89.06
Mina,91,31,15593,13418,86.05
Pototan,324,81,45338,39139,86.33
4th Legislative District,1598,466,261174,227756,87.20 
Anilao,118,33,19175,17216,89.78
Banate,131,39,23179,20556,88.68
Barotac Nuevo,230,65,38358,33952,88.51
Dingle,185,53,28253,24747,87.59
Due簽as,162,53,22474,19900,88.55
Dumangas,282,83,49775,44385,89.17
San Enrique,148,44,23565,19891,84.41
City of Passi,342,96,56395,47109,83.53
5th Legislative District,1884,541,312391,267219,85.54
Ajuy,209,61,35248,29867,84.73
Balasan,150,38,22797,19381,85.02
Barotac Viejo,183,52,31367,26843,85.58
Batad,102,32,15490,13371,86.32
Carles,282,79,48727,38820,79.67
Concepcion,163,51,28525,25143,88.14
Estancia,223,57,34798,30038,86.32
Lemery,129,40,21732,19434,89.43
San Dionisio,147,47,25819,22195,85.96
San Rafael,76,20,12154,10699,88.03
Sara,220,64,35734,31428,87.95
Lone Legislative District,,,,,
City of Iloilo,1903,505,330470,259575,78.55
NEGROS OCCIDENTAL,12289,2906,1946639,1644507,84.48
1st Legislative District,1668,385,251754,216109,85.84
Calatrava,329,87,53145,43925,82.65
Salvador Benedicto,123,28,18632,15964,85.68
Toboso,165,49,31371,27848,88.77
City of Escalante,452,94,62728,53793,85.76
City of San Carlos,599,127,85878,74579,86.84
2nd Legislative District,1290,327,214284,170653,79.64
Manapla,208,53,33544,28553,85.12
City of Cadiz,600,148,96224,74121,77.03
City of Sagay,482,126,84516,67979,80.43
3rd Legislative District,2033,477,313671,269810,86.02
Enrique B. Magalona,255,63,41132,34356,83.53
Murcia,361,84,54734,47880,87.48
City of Talisay,426,105,66445,57967,87.24
City of Victorias,408,95,61877,52870,85.44
City of Silay,583,130,89483,76737,85.76
4th Legislative District,1509,358,241130,205966,85.42
Pontevedra,256,52,33945,28837,84.95
Pulupandan,105,31,17990,15499,86.15
San Enrique,131,29,19056,16851,88.43
Valladolid,146,39,25275,22055,87.26
City of Bago,588,142,99799,83604,83.77
City of La Carlota,283,65,45065,39120,86.81
5th Legislative District,1770,449,291349,246545,84.62
Binalbagan,322,66,45355,38755,85.45
Hinigaran,355,84,53198,46328,87.09
Isabela,245,67,41301,34634,83.86
La Castellana,286,78,51361,40225,78.32
Moises Padilla,164,44,26437,22754,86.07
City of Himamaylan,398,110,73697,63849,86.64
6th Legislative District,1860,460,307048,245222,79.86
Candoni,127,27,16307,13488,82.71
Cauayan,318,88,58281,45673,78.37
Hinoba-an,244,57,38279,32233,84.21
Ilog,217,56,34787,29240,84.05
City of Kabankalan,608,151,104994,86541,82.42
City of Sipalay,346,81,54400,38047,69.94
Lone Legislative District,,,,,
City of Bacolod,2159,450,327403,290202,88.64
REGION VII,31795,8129,5249066,4553713,86.75
BOHOL,6138,1723,949791,837470,88.17
1st Legislative District,1997,560,316471,280232,88.55
Alburquerque,49,13,7775,6997,89.99
Antequera,72,23,10139,9273,91.46
Baclayon,105,26,14180,12532,88.38
Balilihan,117,32,14669,13429,91.55
Calape,180,45,22819,20150,88.30 
Catigbian,118,30,16269,14558,89.48
Corella,42,11,6084,5562,91.42
Cortes,65,22,11748,10595,90.19
Dauis,185,47,31781,27908,87.81
Loon,190,75,30156,26563,88.09
Maribojoc,89,29,14759,13303,90.13
Panglao,150,41,28052,24113,85.96
Sikatuna,32,12,5141,4600,89.48
Tubigon,193,57,32645,28828,88.31
City of Tagbilaran,410,97,70254,61821,88.00 
2nd Legislative District,1946,553,312534,275219,88.06
Bien Unido,113,30,18684,16241,86.92
Buenavista,130,40,22032,19479,88.41
Clarin,106,32,16375,14706,89.81
Dagohoy,90,23,13425,11999,89.38
Danao,95,25,13834,12019,86.88
Inabanga,195,62,31877,27591,86.55
Jetafe,121,38,21499,19265,89.61
Pres. Carlos P. Garcia,110,33,16793,14556,86.68
Sagbayan,122,32,16758,14890,88.85
San Isidro,43,15,7246,6478,89.40 
San Miguel,111,31,17329,14897,85.97
Talibon,243,65,42762,37737,88.25
Trinidad,154,41,23715,20833,87.85
Ubay,313,86,50205,44528,88.69
3rd Legislative District,2195,610,320786,282019,87.91
Alicia,93,28,17111,15161,88.60 
Anda,108,26,13817,12092,87.52
Batuan,68,19,9920,8914,89.86
Bilar,84,27,13418,12091,90.11
Candijay,139,38,21628,19073,88.19
Carmen,240,55,35225,30668,87.06
Dimiao,81,35,11141,9704,87.10 
Duero,113,28,14109,12537,88.86
Garcia Hernandez,150,37,18085,14928,82.54
Guindulman,166,40,24148,21135,87.52
Jagna,167,47,24338,21753,89.38
Lila,48,18,7780,6975,89.65
Loay,84,27,12917,11147,86.30 
Loboc,110,31,13855,12541,90.52
Mabini,112,36,19861,17601,88.62
Pilar,137,32,19243,16906,87.86
Sevilla,62,15,8146,7286,89.44
Sierra Bullones,116,32,17853,15452,86.55
Valencia,117,39,18191,16055,88.26
CEBU,19550,4773,3288778,2852848,86.74
1st Legislative District,2811,666,470692,415606,88.30 
Minglanilla,460,104,73946,65660,88.79
San Fernando,345,75,50018,44570,89.11
Sibonga,192,53,33235,29441,88.58
City of Carcar,527,114,82036,73871,90.05
City of Naga,460,118,82753,71566,86.48
City of Talisay,827,202,148704,130498,87.76
2nd Legislative District,1145,291,175265,154257,88.01
Alcoy,94,22,14166,13054,92.15
Argao,328,92,55846,47945,85.85
Boljoon,83,19,11932,10472,87.76
Dalaguete,303,75,45110,40659,90.13
Oslob,140,38,20972,18188,86.73
Samboan,104,24,13984,12310,88.03
Santander,93,21,13255,11629,87.73
3rd Legislative District,2484,589,383749,334385,87.14
Aloguinsan,126,33,21251,17663,83.12
Asturias,247,56,36009,32330,89.78
Balamban,359,81,54085,46403,85.80 
Barili,391,87,56018,48049,85.77
Pinamungajan,310,73,48322,43175,89.35
Tuburan,306,88,47583,41041,86.25
City of Toledo,745,171,120481,105724,87.75
4th Legislative District,2203,523,345099,303689,88.00 
Bantayan,329,76,49413,42553,86.12
Daanbantayan,335,81,56557,48802,86.29
Madridejos,188,44,28535,25236,88.44
Medellin,227,58,40009,35187,87.95
San Remigio,277,67,42630,38061,89.28
Santa Fe,140,31,21641,19377,89.54
Tabogon,187,49,28817,25916,89.93
Tabuelan,131,34,20864,18684,89.55
City of Bogo,389,83,56633,49873,88.06
5th Legislative District,2263,607,397223,352260,88.68
Borbon,167,43,26435,23763,89.89
Carmen,221,59,39070,34680,88.76
Catmon,137,35,20986,19213,91.55
Compostela,194,55,36622,32987,90.07
Liloan,437,111,82428,72074,87.44
Pilar,71,18,9434,8472,89.80 
Poro,102,31,17158,15415,89.84
San Francisco,185,51,34966,31474,90.01
Sogod,152,42,24831,22366,90.07
Tudela,51,18,8499,7721,90.85
Danao City,546,144,96794,84095,86.88
6th Legislative District,770,199,140635,118357,84.16
Consolacion,533,135,94445,77140,81.68
Cordova,237,64,46190,41217,89.23
7th Legislative District,1069,274,163095,144832,88.80 
Alcantara,76,18,11853,10828,91.35
Alegria,116,32,17573,15766,89.72
Badian,185,47,27656,25056,90.60 
Dumanjug,231,68,39166,34074,87.00 
Ginatilan,76,24,13172,11286,85.68
Malabuyoc,104,24,14449,13098,90.65
Moalboal,174,36,23585,20957,88.86
Ronda,107,25,15641,13767,88.02
Lone Legislative District,1323,339,245395,217085,88.46
City of Lapu-lapu,1323,339,245395,217085,88.46
Lone Legislative District,1305,321,234581,197924,84.37
City of Mandaue,1305,321,234581,197924,84.37
Two Legislative Districts,4177,964,733044,614453,83.82
City of Cebu,4177,964,733044,614453,83.82
1st Legislative District,1805,444,337089,275578,81.75
2nd Legislative District,2372,520,395955,338875,85.58
NEGROS ORIENTAL,5637,1471,932039,794292,85.22
1st Legislative District,1677,463,276286,237082,85.81
Ayungon,172,53,30474,26446,86.78
Bindoy,151,44,26289,22800,86.73
Jimalalud,120,40,21120,18883,89.41
La Libertad,158,48,25511,22419,87.88
Manjuyod,170,48,29625,25286,85.35
Tayasan,157,44,25066,21530,85.89
Vallehermoso,151,39,24374,20616,84.58
City Canlaon,214,53,35355,30573,86.47
City Guihulngan,384,94,58472,48529,83.00 
2nd Legislative District,2198,555,364529,312507,85.73
Amlan,127,28,18364,16377,89.18
Mabinay,282,77,50779,44714,88.06
Pamplona,180,46,29207,25805,88.35
San Jose,108,26,16043,14121,88.02
Sibulan,217,54,36031,31157,86.47
City of Bais,416,107,65320,54164,82.92
City of Dumaguete,518,134,91931,77275,84.06
City of Tanjay,350,83,56854,48894,86.00 
3rd Legislative District,1762,453,291224,244703,84.03
Bacong,143,43,25205,22001,87.29
Basay,116,33,20506,17093,83.36
Dauin,143,38,21590,19168,88.78
Santa Catalina,266,68,46073,37754,81.94
Siaton,335,79,52448,46199,88.09
Valencia,180,46,26804,23574,87.95
Zamboanguita,124,29,19743,17473,88.50 
City of Bayawan,455,117,78855,61441,77.92
SIQUIJOR,470,162,78458,69103,88.08
Lone Legislative District,241,90,39184,34346,87.65
1st Provincial District,241,90,39184,34346,87.65
Enrique Villanueva,33,14,5343,4720,88.34
Larena,74,28,11962,10041,83.94
Siquijor,134,48,21879,19585,89.52
2nd Provincial District,229,72,39274,34757,88.50 
Lazi,88,26,16139,14296,88.58
Maria,68,24,11128,9777,87.86
San Juan,73,22,12007,10684,88.98
REGION VIII,20447,6271,3166260,2706476,85.48
BILIRAN,965,216,123232,103359,83.87
Lone Legislative District, , , , ,
1st Provincial District,482,106,62245,51401,82.58
Almeria,95,22,12618,10934,86.65
Kawayan,119,28,14729,12154,82.52
Naval,268,56,34898,28313,81.13
2nd Provincial District,483,110,60987,51958,85.20 
Biliran,103,20,13224,11675,88.29
Cabucgayan,109,27,14936,12830,85.90 
Caibiran,131,27,16970,13980,82.38
Culaba,91,20,10633,9048,85.09
Maripipi,49,16,5224,4425,84.71
EASTERN SAMAR,2351,746,347616,293098,84.32
Lone Legislative District, , , , ,
1st Provincial District,1246,402,197205,165698,84.02
Arteche,77,28,12240,9429,77.03
Can-Avid,96,35,16128,13864,85.96
Dolores,189,61,30124,24651,81.83
Jipapad,42,14,7042,6179,87.74
Maslog,25,13,3535,2934,83.00 
Oras,194,55,26487,22878,86.37
San Julian,79,21,10770,9228,85.68
San Policarpo,78,25,13448,10352,76.98
Sulat,83,23,12107,10543,87.08
Taft,93,31,15066,12454,82.66
City of Borongan,290,96,50258,43186,85.93
2nd Provincial District,1105,344,150411,127400,84.70 
Balangiga,65,18,10617,9058,85.32
Balangkayan,56,17,7721,6655,86.19
General MacArthur,90,30,10180,8651,84.98
Giporlos,74,23,10508,9003,85.68
Guiuan,245,75,36279,31007,85.47
Hernani,43,14,6906,5877,85.10 
Lawaan,71,23,10372,9117,87.90 
Llorente,103,35,14151,11409,80.62
Maydolong,93,22,11179,9430,84.35
Mercedes,49,16,5661,4869,86.01
Quinapondan,84,27,10686,8891,83.20 
Salcedo,132,44,16151,13433,83.17
LEYTE,8254,2539,1350867,1177006,87.13
1st Legislative District,2048,596,328387,284496,86.63
Alangalang,245,74,38874,33531,86.26
Babatngon,113,35,19766,17325,87.65
Palo,265,75,43755,37887,86.59
San Miguel,95,30,15127,13241,87.53
Santa Fe,109,27,14886,13086,87.91
Tanauan,248,72,37179,33076,88.96
Tolosa,89,26,15238,13230,86.82
City of Tacloban,884,257,143562,123120,85.76
2nd Legislative District,1847,628,295383,260074,88.05
Barugo,147,48,23673,21319,90.06
Burauen,228,86,34288,30159,87.96
Capoocan,143,40,23955,20091,83.87
Carigara,232,70,38606,33940,87.91
Dagami,168,66,25801,22328,86.54
Dulag,195,63,32877,29053,88.37
Jaro,187,62,30082,27493,91.39
Julita,72,28,11536,9736,84.40 
Lapaz,101,39,14391,12641,87.84
MacArthur,110,36,16100,14291,88.76
Mayorga,76,23,12857,10664,82.94
Pastrana,85,33,14433,13177,91.30 
Tabontabon,62,20,9648,8888,92.12
Tunga,41,14,7136,6294,88.20 
3rd Legislative District,807,248,131736,115003,87.30 
Calubian,173,66,24291,21839,89.91
Leyte,160,50,28632,25302,88.37
San Isidro,132,37,22992,19655,85.49
Tabango,132,37,24475,22047,90.08
Villaba,210,58,31346,26160,83.46
4th Legislative District,1881,541,325491,287184,88.23
Albuera,161,45,29602,25904,87.51
Isabel,203,55,34460,29589,85.86
Kananga,221,62,38890,34205,87.95
Matag-ob,86,26,13588,12372,91.05
Merida,148,38,22200,19254,86.73
Palompon,247,76,43065,37519,87.12
Ormoc City,815,239,143686,128341,89.32
5th Legislative District,1671,526,269870,230249,85.32
Abuyog,252,85,40871,34049,83.31
Bato,167,49,25522,21049,82.47
Hilongos,262,79,43424,38664,89.04
Hindang,104,29,14979,12767,85.23
Inopacan,99,31,15650,13682,87.42
Javier,115,35,17873,14892,83.32
Mahaplag,134,40,19313,16590,85.9
Matalom,133,43,21807,18393,83.89
City of Baybay,405,135,70431,60263,85.56
NORTHERN SAMAR,2847,858,453620,367586,81.03
1st Legislative District,1537,441,251939,214355,85.08
Allen,142,36,20817,18393,87.88
Biri,68,15,9511,8502,89.39
Bobon,104,29,17687,14565,82.35
Capul,66,18,11013,9284,84.30 
Catarman,354,104,61074,53855,88.18
Lavezares,131,39,21548,17872,82.94
Lope de Vega,75,26,12225,9187,75.15
Mondragon,162,51,29120,25195,86.52
Rosario,50,16,8749,7447,85.12
San Antonio,45,13,7075,6022,85.12
San Isidro,145,36,21687,17320,79.86
San Jose,75,22,12994,10991,84.59
San Vicente,41,12,6108,5089,83.32
Victoria,79,24,12331,10733,87.04
2nd Legislative District,1310,417,201681,153231,75.98
Catubig,150,53,24005,18302,76.24
Gamay,119,35,17743,13786,77.70 
Laoang,245,76,38574,30032,77.86
Lapinig,59,19,8032,6062,75.47
Las Navas,171,66,27730,17696,63.82
Mapanas,68,20,11401,8926,78.29
Palapag,168,50,25641,19043,74.27
Pambujan,147,38,20697,17281,83.5
San Roque,106,31,17869,14558,81.47
Silvino Lobos,77,29,9989,7545,75.53
SAMAR,3754,1268,597290,511268,85.6
1st Legislative District,1645,564,260534,232253,89.14
Almagro,67,24,10174,8918,87.65
Gandara,171,77,26753,23870,89.22
Matuguinao,46,22,6276,5223,83.22
Pagsanghan,53,16,8050,6983,86.75
San Jorge,105,43,14153,12573,88.84
Santa Margarita,142,53,20261,18121,89.44
Santo Ni簽o,84,20,11275,9829,87.18
Tagapul-an,49,16,7871,6791,86.28
Tarangnan,135,44,19761,18029,91.24
City of Calbayog,793,249,135960,121916,89.67
2nd Legislative District,2109,704,336756,279015,82.85
Basey,244,78,39576,34612,87.46
Calbiga,108,46,17655,15470,87.62
Daram,183,66,29006,23412,80.71
Hinabangan,77,27,11587,10010,86.39
Jiabong,99,38,15703,12247,77.99
Marabut,89,28,13458,11116,82.6
Motiong,77,35,11122,9668,86.93
Paranas,141,54,23205,19783,85.25
Pinabacdao,88,29,13536,11239,83.03
San Jose de Buan,40,17,6377,4925,77.23
San Sebastian,47,14,7050,6173,87.56
Santa Rita,181,54,30452,25314,83.13
Talalora,44,14,6941,5862,84.45
Villareal,152,48,20975,17071,81.39
Zumarraga,106,28,14332,11153,77.82
City of Catbalogan,433,128,75781,60960,80.44
SOUTHERN LEYTE,2276,644,293635,254159,86.56
1st Legislative District,1023,295,133753,116426,87.05
Bontoc,129,53,20982,18388,87.64
Limasawa,35,9,4407,3774,85.64
Macrohon,151,38,18201,15966,87.72
Malitbog,90,44,13042,11175,85.68
Padre Burgos,57,14,7840,6721,85.73
Tomas Oppus,86,33,12393,10571,85.30 
City of Maasin,475,104,56888,49831,87.59
2nd Legislative District,1253,349,159882,137733,86.15
Anahawan,54,15,6167,5402,87.60 
Hinunangan,191,54,21548,18738,86.96
Hinundayan,87,19,9656,8696,90.06
Libagon,71,22,10711,9077,84.74
Liloan,124,29,15377,13151,85.52
Pintuyan,72,23,7848,6971,88.83
Saint Bernard,156,41,18603,16033,86.19
San Francisco,66,22,9638,8468,87.86
San Juan,82,21,10246,9036,88.19
San Ricardo,50,16,7295,6150,84.30 
Silago,78,20,10045,8881,88.41
Sogod,222,67,32748,27130,82.84
REGION IX,14606,3831,2298930,1877471,81.67
ZAMBOANGA DEL NORTE,4509,1266,738543,608377,82.38
1st Legislative District,1146,332,180551,157923,87.47
La Libertad,47,15,6174,5232,84.74
Mutia,71,20,9813,8350,85.09
Pinan,99,33,16271,12967,79.69
Polanco,185,58,32253,26336,81.65
Rizal,78,24,12401,10940,88.22
Sergio Osme簽a Sr.,139,48,22099,19608,88.73
Sibutad,88,25,13732,11818,86.06
City of Dapitan,439,109,67808,62672,92.43
2nd Legislative District,1753,468,290985,234036,80.43
Jose Dalman,117,35,21478,16708,77.79
Katipunan,185,55,30570,25920,84.79
Manukan,175,43,25769,20552,79.75
Pres. Manuel A. Roxas,149,46,26476,22584,85.30 
Siayan,141,43,24973,20237,81.04
Sindangan,419,115,72613,57164,78.72
City of Dipolog,567,131,89106,70871,79.54
3rd Legislative District,1610,466,267007,216418,81.05
Bacungan,114,32,18477,16061,86.92
Baliguian,92,26,15672,12271,78.30 
Godod,71,21,11778,9645,81.89
Gutalac,143,46,24680,21154,85.71
Kalawit,94,28,16005,13001,81.23
Labason,171,48,30150,24702,81.93
Liloy,214,56,31218,25689,82.29
Salug,127,38,22765,19319,84.86
Sibuco,159,46,28153,22626,80.37
Siocon,175,48,28395,23021,81.07
Sirawai,153,44,23225,14927,64.27
Tampilisan,97,33,16489,14002,84.92
ZAMBOANGA DEL SUR,7383,1842,1138325,929743,81.68
1st Legislative District,2774,709,415735,353711,85.08
Aurora,234,66,36746,32604,88.73
Dumingag,252,62,30838,26190,84.93
Josefina,50,16,8124,7193,88.54
Labangan,187,47,28876,23836,82.55
Mahayag,196,59,33491,27101,80.92
Midsalip,135,43,21311,19099,89.62
Molave,203,57,34204,29580,86.48
Ramon Magsaysay,112,36,18205,15803,86.81
Sominot,71,22,10845,9673,89.19
Tambulig,174,46,25468,22093,86.75
Tukuran,205,51,30324,24667,81.34
City of Pagadian,955,204,137303,115872,84.39
2nd Legislative District,1869,495,277350,231361,83.42
Bayog,134,41,20828,17684,84.90 
Dimataling,150,42,23374,16580,70.93
Dinas,140,44,24513,19253,78.54
Dumalinao,155,40,21516,19293,89.67
Guipos,108,28,16055,13664,85.11
Kumalarang,119,32,19112,15932,83.36
Lakewood,95,24,13759,11947,86.83
Lapuyan,126,34,17033,14537,85.35
Margosatubig,155,39,24081,19652,81.61
Pitogo,147,31,18698,15301,81.83
San Miguel,104,25,13778,12268,89.04
San Pablo,119,35,18057,15539,86.06
Tabina,134,27,17429,14590,83.71
Tigbao,94,25,13890,11878,85.51
Vincenzo A. Sagun,89,28,15227,13243,86.97
City of Zamboanga,2740,638,445240,344671,77.41
1st Legislative District,1363,299,214276,164444,76.74
2nd Legislative District,1377,339,230964,180227,78.03
ZAMBOANGA SIBUGAY,2714,723,422062,339351,80.40 
1st Legislative District,1243,315,176027,144095,81.86
Alicia,191,48,25597,21083,82.37
Buug,205,46,26069,20856,80.00 
Diplahan,128,36,21080,18133,86.02
Imelda,98,29,16553,13558,81.91
Mabuhay,104,25,14769,12306,83.32
Malangas,149,39,21754,17715,81.43
Olutanga,108,29,16749,13957,83.33
Payao,177,44,22755,17739,77.96
Talusan,83,19,10701,8748,81.75
2nd Legislative District,1471,408,246035,195256,79.36
Ipil,340,90,61059,47360,77.56
Kabasalan,191,57,32772,28148,85.89
Naga,169,47,27664,22148,80.06
Roseller T. Lim,203,53,31020,23360,75.31
Siay,158,50,28751,22339,77.70 
Titay,235,60,34316,28690,83.61
Tungawan,175,51,30453,23211,76.22
REGION X,18827,4986,3060485,2620144,85.61
BUKIDNON,5691,1483,944838,817990,86.57
1st Legislative District,1325,336,205494,180164,87.67
Baungon,184,44,27546,23550,85.49
Libona,201,46,29354,26077,88.84
Malitbog,126,34,18806,16655,88.56
Manolo Fortich,415,102,65072,57226,87.94
Sumilao,112,29,18843,16978,90.10 
Talakag,287,81,45873,39678,86.50 
2nd Legislative District,1513,388,247814,217793,87.89
Cabanglasan,164,41,23334,19998,85.70 
Impasug-ong,193,57,32354,29032,89.73
Lantapan,254,55,39698,35180,88.62
San Fernando,213,59,36500,31172,85.40 
City of Malaybalay,689,176,115928,102411,88.34
3rd Legislative District,1697,476,301841,254258,84.24
Damulog,114,34,20369,16941,83.17
Dangcagan,108,29,17835,15454,86.65
Don Carlos,255,73,45927,37793,82.29
Kadingilan,150,44,25688,22407,87.23
Kibawe,148,43,27274,23116,84.75
Kitaotao,187,54,30465,25106,82.41
Maramag,353,95,65907,54122,82.12
Quezon,382,104,68376,59319,86.75
4th Legislative District,1156,283,189689,165775,87.39
Kalilangan,166,42,26857,23287,86.71
Pangantucan,230,57,36020,30885,85.74
City of Valencia,760,184,126812,111603,88.01
CAMIGUIN,414,111,64090,55153,86.06
Lone Legislative District,,,, ,
1st Provincial District,237,63,36443,32186,88.32
Mahinog,65,21,10388,8995,86.59
Mambajao,172,42,26055,23191,89.01
2nd Provincial District,177,48,27647,22967,83.07
Catarman,80,23,12636,10692,84.62
Guinsiliban,36,10,5395,4516,83.71
Sagay,61,15,9616,7759,80.69
LANAO DEL NORTE,3872,986,577016,474476,82.23
1st Legislative District,1176,320,180628,144783,80.16
Bacolod,106,27,15634,12944,82.79
Baloi,160,39,22189,16300,73.46
Baroy,117,36,20338,16235,79.83
Kauswagan,105,27,15908,12376,77.80 
Kolambugan,122,41,17719,14484,81.74
Linamon,76,20,12195,10199,83.63
Maigo,100,23,14893,12366,83.03
Matungao,63,16,9714,7601,78.25
Pantar,82,26,13709,10588,77.23
Tagoloan,56,16,8869,6435,72.56
Tubod,189,49,29460,25255,85.73
2nd Legislative District,1590,403,210936,174959,82.94
Kapatagan,285,57,34041,27754,81.53
Lala,282,81,51853,40606,78.31
Magsaysay,99,27,11638,8438,72.50 
Munai,99,31,15153,11562,76.30 
Nunungan,94,25,10918,9090,83.26
Pantao Ragat,90,21,10030,9849,98.2
Poona Piagapo,91,28,11612,9249,79.65
Salvador,152,30,13614,12347,90.69
Sapad,105,22,11888,10919,91.85
Sultan Naga Dimaporo,234,61,31221,29548,94.64
Tangcal,59,20,8968,5597,62.41
Lone Legislative District,,,,,
City of Iligan,1106,263,185452,154734,83.44
MISAMIS OCCIDENTAL,2589,801,434832,370071,85.11
1st Legislative District,1187,392,202347,169444,83.74
Aloran,134,45,21158,17010,80.4
Baliangao,76,22,12485,10303,82.52
Calamba,90,30,15957,13640,85.48
Concepcion,29,18,4146,3080,74.29
Jimenez,124,41,22286,19404,87.07
Lopez Jaena,112,39,18687,15805,84.58
Panaon,50,18,7703,6257,81.23
Plaridel,165,52,28834,25235,87.52
Sapang Dalaga,96,32,16252,12590,77.47
City of Oroquieta,311,95,54839,46120,84.10 
2nd Legislative District,1402,409,232485,200627,86.3
Bonifacio,154,42,22528,18728,83.13
Clarin,150,47,25600,21978,85.85
Don Victoriano Chiongbian,48,15,7427,6213,83.65
Sinacaban,94,29,15262,11951,78.31
Tudela,115,39,19010,16077,84.57
City of Ozamis,584,157,98929,87096,88.04
City of Tangub,257,80,43729,38584,88.23
MISAMIS ORIENTAL,6261,1605,1039709,902454,86.80 
1st Legislative District,1689,482,289032,252300,87.29
Balingasag,296,78,49753,43450,87.33
Balingoan,56,14,8819,7833,88.82
Binuangan,44,13,6973,6292,90.23
Kinoguitan,73,24,11793,10582,89.73
Lagonglong,109,28,17807,15576,87.47
Magsaysay,143,43,24489,20449,83.50 
Medina,146,41,25718,22396,87.08
Salay,121,38,22192,19243,86.71
Sugbongcogon,55,16,8760,7861,89.74
Talisayan,138,34,20166,17818,88.36
City of Gingoog,508,153,92562,80800,87.29
2nd Legislative District,2390,591,378384,332881,87.97
Alubijid,143,33,21616,19453,89.99
Claveria,236,63,37635,32500,86.36
Gitagum,94,24,14881,13164,88.46
Initao,160,37,22655,19793,87.37
Jasaan,238,59,39444,34888,88.45
Laguindingan,147,31,20778,18380,88.46
Libertad,71,19,11047,9783,88.56
Lugait,80,22,14740,13048,88.52
Manticao,148,33,21753,18774,86.31
Naawan,98,24,15879,13751,86.60 
Opol,229,57,38811,33829,87.16
Tagoloan,322,81,49261,43188,87.67
Villanueva,155,43,25495,22957,90.05
City of El Salvador,269,65,44389,39373,88.70 
Two Legislative Districts,,,,,
City of Cagayan de Oro,2182,532,372293,317273,85.22
1st Legislative District,,244,177163,151492,85.51
2nd Legislative District,,288,195130,165781,84.96
REGION XI,21017,4834,3236251,2628997,81.24
DAVAO DE ORO,3311,791,508221,446526,87.86
1st Legislative District,1506,360,233351,205007,87.85
Compostela,376,89,61095,52385,85.74
Maragusan,261,67,42770,38332,89.62
Monkayo,452,100,64668,57120,88.33
Montevista,198,49,31260,27840,89.06
New Bataan,219,55,33558,29330,87.40 
2nd Legislative District,1805,431,274870,241519,87.87
Laak,394,88,52425,45457,86.71
Mabini,165,43,28879,24961,86.43
Maco,413,91,58280,51646,88.62
Mawab,193,42,28094,24704,87.93
Nabunturan,265,78,48191,42934,89.09
Pantukan,375,89,59001,51817,87.82
DAVAO DEL NORTE,4545,1015,690248,577781,83.71
1st Legislative District,2325,492,337583,281364,83.35
Asuncion,231,64,41255,34247,83.01
Kapalong,350,77,50752,40249,79.31
New Corella,271,57,37098,32118,86.58
San Isidro,124,31,19537,16670,85.33
Talaingod,95,25,16841,12557,74.56
City of Tagum,1254,238,172100,145523,84.56
2nd Legislative District,2220,523,352665,296417,84.05
Braulio E. Dujali,123,31,18561,15598,84.04
Carmen,304,72,48994,41018,83.72
Santo Tomas,415,105,73248,61730,84.28
City of Panabo,804,185,127668,105187,82.39
Island Garden City of Samal,574,130,84194,72884,86.57
DAVAO DEL SUR,9390,2106,1449611,1114917,76.91
Lone Legislative District,,,,,
1st Provincial District,1346,339,242019,192188,79.41
Bansalan,275,72,47130,38657,82.02
Santa Cruz,419,102,74212,56726,76.44
City of Digos,652,165,120677,96805,80.22
2nd Provincial District,1352,356,215054,185358,86.19
Hagonoy,211,55,35827,30569,85.32
Kiblawan,185,54,28632,24688,86.23
Magsaysay,217,61,38336,33935,88.52
Malalag,188,41,25956,21536,82.97
Matanao,266,66,39246,34097,86.88
Padada,142,38,22943,19554,85.23
Sulop,143,41,24114,20979,87.00 
Three Legislative Districts,,,,,
City of Davao,6692,1411,992538,737371,74.29
1st Legislative District,2683,488,355052,259451,73.07
2nd Legislative District,2285,496,354747,257891,72.7
3rd Legislative District,1724,427,282739,220029,77.82
DAVAO ORIENTAL,2492,608,395751,341020,86.17
1st Legislative District,951,254,154514,132957,86.05
Baganga,237,60,37139,32196,86.69
Boston,72,20,10573,8726,82.53
Caraga,154,45,28253,24923,88.21
Cateel,171,45,29085,25386,87.28
Manay,204,53,29737,25647,86.25
Tarragona,113,31,19727,16079,81.51
2nd Legislative District,1541,354,241237,208063,86.25
Banaybanay,212,46,31241,25822,82.65
Governor Generoso,264,60,40038,34833,87.00 
Lupon,286,73,49416,41710,84.41
San Isidro,154,36,24155,21015,87.00 
City of Mati,625,139,96387,84683,87.86
DAVAO OCCIDENTAL,1279,314,192420,148753,77.31
Lone Legislative District,,,,,
1st Provincial District,693,174,103950,87224,83.91
Malita,480,116,69059,59812,86.61
Santa Maria,213,58,34891,27412,78.56
1st Provincial District,586,140,88470,61529,69.55
Don Marcelino,164,41,25554,19782,77.41
Jose Abad Santos,326,72,46622,30225,64.83
Sarangani,96,27,16294,11522,70.71
REGION XII,16275,4074,2606492,2102493,80.66
COTABATO,4812,1267,771206,646944,83.89
1st Legislative District,1366,379,231247,196181,84.84
Alamada,234,66,41573,34633,83.31
Aleosan,128,39,22457,18701,83.27
Libungan,200,57,35708,30678,85.91
Midsayap,421,111,69508,58766,84.55
Pigkawayan,191,55,32207,27650,85.85
Pikit,192,51,29794,25753,86.44
2nd Legislative District,1806,439,269283,228103,84.71
Antipas,137,29,17725,15032,84.81
Arakan,208,53,31469,26129,83.03
Magpet,241,64,36959,31869,86.23
Makilala,389,98,60018,49005,81.65
President Roxas,191,53,31945,26644,83.41
City of Kidapawan,640,142,91167,79424,87.12
3rd Legislative District,1640,449,270676,222660,82.26
Banisilan,180,46,27521,22507,81.78
Carmen,223,63,39448,38061,96.48
Kabacan,294,77,49303,39406,79.93
Matalam,309,91,52232,40873,78.25
M'lang,399,108,63880,49447,77.41
Tulunan,235,64,38292,32366,84.52
SARANGANI,2310,569,362055,278672,76.97
Lone Legislative District,,,,,
1st Provincial District,720,179,110886,89178,80.42
Kiamba,267,62,39991,31162,77.92
Maasim,238,67,41677,34146,81.93
Maitum,215,50,29218,23870,81.7
2nd Provincial District,1590,390,251169,189494,75.44
Alabel,318,81,54436,44839,82.37
Glan,503,126,77140,56487,73.23
Malapatan,283,63,44718,36081,80.69
Malungon,486,120,74875,52087,69.57
SOUTH COTABATO,5957,1438,975541,786969,80.67
1st Legislative District,1139,286,193558,155884,80.54
Polomolok,684,169,116767,92478,79.20 
Tampakan,172,46,28820,24130,83.73
Tupi,283,71,47971,39276,81.87
2nd Legislative District,2772,656,421751,354166,83.98
Banga,366,85,54847,46903,85.52
Lake Sebu,296,84,45933,37186,80.96
Norala,207,46,29864,25862,86.60 
Santo Ni簽o,183,44,25071,21446,85.54
Surallah,356,84,55611,47019,84.55
Tantangan,198,46,28911,23748,82.14
T'boli,364,94,58790,48943,83.25
City of Koronadal,802,173,122724,103059,83.98
Lone Legislative District,,,,,
City of General Santos,2046,496,360232,276919,76.87
SULTAN KUDARAT,3196,800,497690,389908,78.34
1st Legislative District,1560,399,250786,201873,80.5
Columbio,127,35,20321,15175,74.68
Isulan,366,89,58908,46567,79.05
Lambayong,263,78,48587,33653,69.26
Lutayan,202,53,34816,33680,96.74
President Quirino,172,46,27194,21863,80.40 
City of Tacurong,430,98,60960,50935,83.55
2nd Legislative District,1636,401,246904,188035,76.16
Bagumbayan,312,76,45153,37662,83.41
Esperanza,299,68,41848,33718,80.57
Kalamansig,226,48,30492,23193,76.06
Lebak,340,91,58460,43861,75.03
Palimbang,267,69,41650,28642,68.77
Sen. Ninoy Aquino,192,49,29301,20959,71.53
CARAGA,11586,3079,1868798,1594734,85.33
AGUSAN DEL NORTE,2944,776,502116,428541,85.35
1st Legislative District,1439,373,246909,212531,86.08
Las Nieves,116,39,21014,17973,85.53
City of Butuan,1323,334,225895,194558,86.13
2nd Legislative District,1505,403,255207,216010,84.64
Buenavista,301,79,52635,46066,87.52
Carmen,97,24,15301,12759,83.39
Jabonga,116,31,17083,14710,86.11
Kitcharao,96,25,14542,11996,82.49
Magallanes,107,27,16774,14359,85.60 
Nasipit,169,49,30279,25854,85.39
Remedios T. Romualdez,79,23,13580,11696,86.13
Santiago,102,24,15420,12860,83.4
Tubay,128,37,22625,19671,86.94
City of Cabadbaran,310,84,56968,46039,80.82
AGUSAN DEL SUR,2682,740,442628,364989,82.46
1st Legislative District,1287,375,211906,174060,82.14
Esperanza,209,67,32629,26973,82.67
Prosperidad,313,81,50249,41610,82.81
San Luis,121,39,20181,16365,81.09
Sibagat,128,39,20236,16633,82.20 
Talacogon,156,42,23366,19145,81.94
City of Bayugan,360,107,65245,53334,81.74
2nd Legislative District,1395,365,230722,190929,82.75
Bunawan,153,40,24853,20372,81.97
La Paz,122,38,20262,16849,83.16
Loreto,168,42,26756,20537,76.76
Rosario,207,47,33247,28559,85.90 
San Francisco,293,79,50011,42225,84.43
Santa Josefa,110,28,18266,15442,84.54
Trento,210,52,34913,29427,84.29
Veruela,132,39,22414,17518,78.16
DINAGAT ISLANDS,555,150,81088,66558,82.08
Lone Legislative District,,,,,
1st Provincial District,285,84,42652,35332,82.84
Basilisa,108,33,15552,12355,79.44
Libjo,85,24,12539,10524,83.93
Loreto,53,15,7951,6753,84.93
Tubajon,39,12,6610,5700,86.23
2nd Provincial District,270,66,38436,31226,81.24
Cagdianao,89,23,13598,10769,79.20 
Dinagat,53,17,8353,6960,83.32
San Jose,128,26,16485,13497,81.87
SURIGAO DEL NORTE,2763,670,393896,340772,86.51
1st Legislative District,750,192,104691,91992,87.87
Burgos,28,9,4039,3526,87.30 
Dapa,160,41,23184,20189,87.08
Del Carmen,108,24,12198,10465,85.79
General Luna,114,31,18215,15922,87.41
Pilar,57,18,8422,7313,86.83
San Benito,35,11,5732,5118,89.29
San Isidro,64,15,7570,6559,86.64
Santa Monica,55,15,7946,6811,85.72
Socorro,129,28,17385,16089,92.55
2nd Legislative District,2013,478,289205,248780,86.02
Alegria,105,24,14091,12001,85.17
Bacuag,77,21,11703,9429,80.57
Claver,187,44,29408,24155,82.14
Gigaquit,94,25,15425,13505,87.55
Mainit,134,39,21025,17869,84.99
Malimono,94,26,14452,12582,87.06
Placer,195,40,23204,18865,81.30 
San Francisco,94,24,14087,12635,89.69
Sison,92,21,11974,10459,87.35
Tagana-an,109,24,13666,12057,88.23
Tubod,73,20,11211,9806,87.47
City of Surigao,759,170,108959,95417,87.57
SURIGAO DEL SUR,2642,743,449070,393874,87.71
1st Legislative District,1569,430,260806,229807,88.11
Bayabas,37,12,6862,6270,91.37
Cagwait,98,28,15735,13862,88.10 
Cantilan,156,39,24422,21380,87.54
Carmen,54,15,8426,7420,88.06
Carrascal,97,28,16721,15144,90.57
Cortes,76,23,13272,11962,90.13
Lanuza,61,20,10140,8837,87.15
Lianga,139,35,22948,19701,85.85
Madrid,80,22,12981,11634,89.62
Marihatag,82,23,14756,13010,88.17
San Agustin,94,26,15156,12985,85.68
San Miguel,151,45,26710,23233,86.98
Tago,202,49,28901,25168,87.08
City of Tandag,242,65,43776,39201,89.55
2nd Legislative District,1073,313,188264,164067,87.15
Barobo,196,56,35627,30777,86.39
Hinatuan,176,55,32363,28355,87.62
Lingig,136,44,23980,20743,86.50 
Tagbina,156,47,28026,24566,87.65
City of Bislig,409,111,68268,59626,87.34
B.A.R.M.M.,15500,4566,2588193,2006872,77.54
BASILAN,1853,499,297322,223811,75.28
1st Provincial District,826,229,140828,98623,70.03
Hadji Muhtamad,61,19,10937,8258,75.51
Lantawan,112,33,16542,12931,78.17
Maluso,176,50,30736,23646,76.93
City of Isabela,477,127,82613,53788,65.11
2nd Provincial District,1027,270,156494,125188,80.00 
Akbar,58,13,7514,6083,80.96
Al-Barka,86,22,11975,8726,72.87
Hadji Mohammad Ajul,83,20,12347,10174,82.40 
Sumisip,146,44,23500,19069,81.14
Tabuan-Lasa,112,26,15893,14374,90.44
Tipo-Tipo,94,26,16478,10853,65.86
Tuburan,50,14,7309,5817,79.59
Ungkaya Pukan,72,21,11344,8413,74.16
City of Lamitan,326,84,50134,41679,83.14
LANAO DEL SUR,4224,1432,685643,545443,79.55
1st Legislative District,2400,793,390056,312809,80.2
Amai Manabilang,39,18,5975,5791,96.92
Buadiposo-Buntong,91,33,14751,10464,70.94
Bubong,98,38,15603,12279,78.7
Ditsaan-Ramain,125,41,20859,16950,81.26
Kapai,58,22,9600,7775,80.99
Lumba-Bayabao,109,39,17175,16016,93.25
Maguing,126,41,20263,14175,69.96
Marantao,184,59,33014,26845,81.31
Masiu,110,36,16899,12675,75.00 
Mulondo,87,27,14354,9020,62.84
Piagapo,106,37,16767,14469,86.29
Poona-Bayabao,76,28,12774,12176,95.32
Saguiaran,165,40,22087,18070,81.81
Tagoloan,108,33,19641,17452,88.85
Tamparan,123,44,19633,15105,76.94
Taraka,73,43,10787,10174,94.32
Wao,262,64,40630,30202,74.33
City of Marawi,460,150,79244,63171,79.72
2nd Legislative District,1824,639,295587,232634,78.70 
Bacolod-Kalawi,51,26,8297,7642,92.11
Balabagan,104,35,17780,14849,83.52
Balindong,118,42,19168,15572,81.24
Bayang,123,49,17574,13706,77.99
Binidayan,80,27,12955,7636,58.94
Butig,83,26,14561,10942,75.15
Calanogas,41,18,6673,6360,95.31
Ganassi,78,33,12151,9932,81.74
Kapatagan,70,23,12474,12202,97.82
Lumbaca Unayan,60,18,10968,5646,51.48
Lumbatan,92,32,15746,12379,78.62
Lumbayanague,67,23,9096,8165,89.76
Madalum,85,38,12782,11690,91.46
Madamba,61,24,9741,9368,96.17
Malabang,237,64,37720,28902,76.62
Marogong,81,27,12668,8173,64.52
Pagayawan,57,21,9459,7871,83.21
Picong,79,26,13932,12331,88.51
Pualas,60,23,9121,7101,77.85
Sultan Dumalondong,42,13,7210,3974,55.12
Tubaran,70,24,11557,5929,51.30 
Tugaya,85,27,13954,12264,87.89
MAGUINDANAO,5390,1481,939011,670207,71.37
1st Legislative District,2782,749,484349,322778,66.64
Barira,112,31,20491,15948,77.83
Buldon,122,40,22459,17047,75.90 
Datu Blah T. Sinsuat,81,26,14006,12590,89.89
Datu Odin Sinsuat,433,121,81676,48779,59.72
Kabuntalan,80,23,12449,11694,93.94
Matanog,106,29,19592,15945,81.39
Northern Kabuntalan,82,25,14474,9489,65.56
Parang,295,82,54873,41392,75.43
Sultan Kudarat,341,94,62134,37808,60.85
Sultan Mastura,95,29,17080,11978,70.13
Upi,246,74,44894,31402,69.95
City of Cotabato,789,175,120221,68706,57.15
2nd Legislative District,2608,732,454662,347429,76.41
Ampatuan,94,31,17458,13152,75.34
Buluan,149,41,26695,25013,93.70 
Datu Abdullah Sangki,131,36,24004,22809,95.02
Datu Anggal Midtimbang,83,24,15628,15324,98.05
Datu Hoffer Ampatuan,76,21,12069,10958,90.79
Datu Paglas,132,42,23595,20029,84.89
Datu Piang,141,32,18750,9194,49.03
Datu Salibo,93,27,15222,8211,53.94
Datu Saudi Ampatuan,112,31,21300,15040,70.61
Datu Unsay,60,14,9195,7809,84.93
Gen. S. K. Pendatun,118,37,20771,15427,74.27
Guindulungan,80,22,13999,11090,79.22
Mamasapano,90,25,15336,14920,97.29
Mangudadatu,82,24,15039,12376,82.29
Pagagawan,135,35,23231,17633,75.90 
Pagalungan,141,39,25871,18582,71.83
Paglat,68,19,12452,7727,62.05
Pandag,78,23,14287,7140,49.98
Rajah Buayan,85,24,15405,11661,75.70 
Shariff Aguak,122,32,19810,17381,87.74
Shariff Saydona Musthapa,67,17,8814,8512,96.57
South Upi,166,48,30643,19120,62.40 
Sultan Sa Barongis,103,29,18343,9470,51.63
Talayan,102,31,18163,17402,95.81
Talitay,100,28,18582,11449,61.61
SULU,2694,751,433372,375265,86.59
1st Legislative District,1469,416,246813,206681,83.74
Hadji Panglima Tahil,35,9,5324,4958,93.13
Indanan,200,58,34055,31333,92.01
Jolo,306,83,53813,36636,68.08
Maimbung,208,59,35441,32541,91.82
Pangutaran,115,31,18478,13206,71.47
Parang,199,59,33912,24918,73.48
Patikul,230,60,36205,34245,94.59
Talipao,176,57,29585,28844,97.50 
2nd Legislative District,1225,335,186559,168584,90.36
Kalingalan Caluang,105,27,16984,15678,92.31
Lugus,122,31,18720,16271,86.92
Luuk,137,40,25352,24687,97.38
Old Panamao,152,39,18822,17590,93.45
Omar,95,26,16313,11005,67.46
Pandami,105,29,16389,13850,84.51
Panglima Estino,75,18,9816,9289,94.63
Pata,56,15,7269,6905,94.99
Siasi,228,63,32179,30230,93.94
Tapul,70,22,11292,10293,91.15
Tongkil,80,25,13423,12786,95.25
TAWI-TAWI,1339,403,232845,192146,82.52
Lone Legislative District,,,,,
1st Provincial District,825,237,147097,112513,76.49
Bongao,356,98,62285,49374,79.27
Mapun,100,33,17614,13706,77.81
Sibutu,96,28,17298,14287,82.59
Simunul,90,27,15763,11747,74.52
Sitangkai,137,38,25806,17788,68.93
Turtle Islands,46,13,8331,5611,67.35
2nd Provincial District,514,166,85748,79633,92.87
Languyan,121,36,19434,18476,95.07
Panglima Sugala,113,36,20206,19624,97.12
Sapa-Sapa,108,34,18419,17040,92.51
South Ubian,89,32,13913,13034,93.68
Tandubas,83,28,13776,11459,83.18
